timestamp,card,file,error
2026-09-03T20:04:00+00:00,458,folder:1Z7cT9Gkc9xjcR546q7NXGallISTAnHb2,Requested entity was not found (deleted or access revoked)
2026-09-03T20:31:00+00:00,104,folder:1Q1CylzAK4YFxiaPJjlb-Wyi27njfihXS,Requested entity was not found (deleted or access revoked)
2026-09-03T20:48:00+00:00,423,folder:1LbMqLQWktvyjqH-bzFZfiG5GKszmQuqJ,Requested entity was not found (deleted or access revoked)
2026-09-03T20:48:00+00:00,423,file:1lFy2aU-rw0BpgIz0thf1RVMXc1N-1qDm1s3dHQZm4gA,Requested entity was not found (deleted or access revoked)
2026-09-03T20:48:00+00:00,425,file:1TJionrEDb7479EKxYfw7pEpthMa87KsSuVAu5nEdcLA,Requested entity was not found (deleted or access revoked)
2026-09-03T20:48:00+00:00,425,file:1DGo8ZjOXZxf48PGmfV7oAoyFytY1v0cr,Requested entity was not found (deleted or access revoked)
2026-09-03T20:48:00+00:00,429,folder:1PflZHlZzbdjUFy_jFuAb3CvYvEQ7U5S4,Requested entity was not found (deleted or access revoked)
2026-09-03T20:48:00+00:00,429,file:1Eey9i2-cmX2Z8UJgwqNr_v_BKpPlUbuhVlTOgDsmUOs,Requested entity was not found (deleted or access revoked)
2026-09-03T20:48:00+00:00,432,file:1nu4pRMAfuJn-UorWT1bbuIsevjKL8cag,Requested entity was not found (deleted or access revoked)
